"STATION","NAME","DATE","TAVG","TMAX","TMIN"
"USW00094789","JFK INTERNATIONAL AIRPORT, NY US","2019-01-01","10.4","15.0","4.4"
"USW00094789","JFK INTERNATIONAL AIRPORT, NY US","2019-01-02","3.3","5.0","1.1"
"USW00094789","JFK INTERNATIONAL AIRPORT, NY US","2019-01-03","4.9","7.8","1.1"
"USW00094789","JFK INTERNATIONAL AIRPORT, NY US","2019-01-04","3.7","7.2","1.1"
"USW00094789","JFK INTERNATIONAL AIRPORT, NY US","2019-01-05","6.9","7.8","5.0"
"USW00094789","JFK INTERNATIONAL AIRPORT, NY US","2019-01-06","6.6","10.6","-0.5"
"USW00094789","JFK INTERNATIONAL AIRPORT, NY US","2019-01-07","-1.0","1.7","-3.8"
"USW00094789","JFK INTERNATIONAL AIRPORT, NY US","2019-01-08","4.3","7.8","1.7"
"USW00094789","JFK INTERNATIONAL AIRPORT, NY US","2019-01-09","6.3","8.3","1.1"
"USW00094789","JFK INTERNATIONAL AIRPORT, NY US","2019-01-10","1.2","2.2","-2.1"
"USW00094789","JFK INTERNATIONAL AIRPORT, NY US","2019-01-11","-2.4","0.0","-5.5"
"USW00094789","JFK INTERNATIONAL AIRPORT, NY US","2019-01-12","-3.3","1.7","-6.6"
"USW00094789","JFK INTERNATIONAL AIRPORT, NY US","2019-01-13","-1.6","0.6","-4.3"
"USW00094789","JFK INTERNATIONAL AIRPORT, NY US","2019-01-14","-2.5","0.6","-4.3"
"USW00094789","JFK INTERNATIONAL AIRPORT, NY US","2019-01-15","-1.8","2.2","-4.9"
"USW00094789","JFK INTERNATIONAL AIRPORT, NY US","2019-01-16","-0.1","3.9","-3.8"
"USW00094789","JFK INTERNATIONAL AIRPORT, NY US","2019-01-17","-0.6","1.1","-3.8"
"USW00094789","JFK INTERNATIONAL AIRPORT, NY US","2019-01-18","0.4","3.9","-2.1"
"USW00094789","JFK INTERNATIONAL AIRPORT, NY US","2019-01-19","1.6","3.9","-1.6"
"USW00094789","JFK INTERNATIONAL AIRPORT, NY US","2019-01-20","3.2","10.0","-9.3"
"USW00094789","JFK INTERNATIONAL AIRPORT, NY US","2019-01-21","-11.1","-9.3","-14.9"
"USW00094789","JFK INTERNATIONAL AIRPORT, NY US","2019-01-22","-7.4","-0.5","-9.9"
"USW00094789","JFK INTERNATIONAL AIRPORT, NY US","2019-01-23","1.0","8.3","-1.6"
"USW00094789","JFK INTERNATIONAL AIRPORT, NY US","2019-01-24","8.4","12.2","1.7"
"USW00094789","JFK INTERNATIONAL AIRPORT, NY US","2019-01-25","2.5","4.4","-2.1"
"USW00094789","JFK INTERNATIONAL AIRPORT, NY US","2019-01-26","-1.6","0.6","-4.3"
"USW00094789","JFK INTERNATIONAL AIRPORT, NY US","2019-01-27","2.8","7.2","-2.1"
"USW00094789","JFK INTERNATIONAL AIRPORT, NY US","2019-01-28","0.2","3.9","-4.9"
"USW00094789","JFK INTERNATIONAL AIRPORT, NY US","2019-01-29","-0.7","6.1","-5.5"
"USW00094789","JFK INTERNATIONAL AIRPORT, NY US","2019-01-30","-1.4","1.7","-13.8"
"USW00094789","JFK INTERNATIONAL AIRPORT, NY US","2019-01-31","-12.8","-8.2","-16.0"
"USW00094789","JFK INTERNATIONAL AIRPORT, NY US","2019-02-01","-9.1","-5.5","-11.6"
"USW00094789","JFK INTERNATIONAL AIRPORT, NY US","2019-02-02","-5.2","0.0","-8.8"
"USW00094789","JFK INTERNATIONAL AIRPORT, NY US","2019-02-03","1.7","9.4","-3.8"
"USW00094789","JFK INTERNATIONAL AIRPORT, NY US","2019-02-04","4.2","11.7","-1.0"
"USW00094789","JFK INTERNATIONAL AIRPORT, NY US","2019-02-05","5.9","15.6","0.0"
"USW00094789","JFK INTERNATIONAL AIRPORT, NY US","2019-02-06","5.7","7.2","0.6"
"USW00094789","JFK INTERNATIONAL AIRPORT, NY US","2019-02-07","5.1","6.7","3.9"
"USW00094789","JFK INTERNATIONAL AIRPORT, NY US","2019-02-08","6.3","12.8","0.0"
"USW00094789","JFK INTERNATIONAL AIRPORT, NY US","2019-02-09","-0.4","1.1","-4.3"
"USW00094789","JFK INTERNATIONAL AIRPORT, NY US","2019-02-10","-2.0","1.7","-5.5"
"USW00094789","JFK INTERNATIONAL AIRPORT, NY US","2019-02-11","0.8","2.8","-1.6"
"USW00094789","JFK INTERNATIONAL AIRPORT, NY US","2019-02-12","-0.4","2.8","-3.2"
"USW00094789","JFK INTERNATIONAL AIRPORT, NY US","2019-02-13","2.8","5.6","0.6"
"USW00094789","JFK INTERNATIONAL AIRPORT, NY US","2019-02-14","2.8","7.8","0.6"
"USW00094789","JFK INTERNATIONAL AIRPORT, NY US","2019-02-15","6.3","12.2","3.3"
"USW00094789","JFK INTERNATIONAL AIRPORT, NY US","2019-02-16","5.6","11.1","0.0"
"USW00094789","JFK INTERNATIONAL AIRPORT, NY US","2019-02-17","-0.3","2.2","-3.8"
"USW00094789","JFK INTERNATIONAL AIRPORT, NY US","2019-02-18","2.3","6.1","-3.2"
"USW00094789","JFK INTERNATIONAL AIRPORT, NY US","2019-02-19","-1.7","2.2","-4.9"
"USW00094789","JFK INTERNATIONAL AIRPORT, NY US","2019-02-20","-1.7","1.1","-3.2"
"USW00094789","JFK INTERNATIONAL AIRPORT, NY US","2019-02-21","3.7","10.6","0.6"
"USW00094789","JFK INTERNATIONAL AIRPORT, NY US","2019-02-22","6.1","7.2","2.8"
"USW00094789","JFK INTERNATIONAL AIRPORT, NY US","2019-02-23","2.6","4.4","-0.5"
"USW00094789","JFK INTERNATIONAL AIRPORT, NY US","2019-02-24","5.6","8.3","3.3"
"USW00094789","JFK INTERNATIONAL AIRPORT, NY US","2019-02-25","5.2","6.7","-2.1"
"USW00094789","JFK INTERNATIONAL AIRPORT, NY US","2019-02-26","-0.3","3.9","-3.2"
"USW00094789","JFK INTERNATIONAL AIRPORT, NY US","2019-02-27","-3.1","-1.0","-4.3"
"USW00094789","JFK INTERNATIONAL AIRPORT, NY US","2019-02-28","-0.7","2.8","-2.7"
"USW00094789","JFK INTERNATIONAL AIRPORT, NY US","2019-03-01","-0.4","2.8","-2.7"
"USW00094789","JFK INTERNATIONAL AIRPORT, NY US","2019-03-02","1.1","4.4","-0.5"
"USW00094789","JFK INTERNATIONAL AIRPORT, NY US","2019-03-03","3.3","6.1","0.0"
"USW00094789","JFK INTERNATIONAL AIRPORT, NY US","2019-03-04","1.5","3.9","-1.6"
"USW00094789","JFK INTERNATIONAL AIRPORT, NY US","2019-03-05","-2.2","0.6","-6.6"
"USW00094789","JFK INTERNATIONAL AIRPORT, NY US","2019-03-06","-4.2","-2.1","-7.1"
"USW00094789","JFK INTERNATIONAL AIRPORT, NY US","2019-03-07","-4.0","0.6","-7.7"
"USW00094789","JFK INTERNATIONAL AIRPORT, NY US","2019-03-08","-1.4","2.8","-5.5"
"USW00094789","JFK INTERNATIONAL AIRPORT, NY US","2019-03-09","3.3","8.3","0.6"
"USW00094789","JFK INTERNATIONAL AIRPORT, NY US","2019-03-10","3.7","6.7","1.7"
"USW00094789","JFK INTERNATIONAL AIRPORT, NY US","2019-03-11","8.1","12.2","3.9"
"USW00094789","JFK INTERNATIONAL AIRPORT, NY US","2019-03-12","4.9","7.2","1.1"
"USW00094789","JFK INTERNATIONAL AIRPORT, NY US","2019-03-13","2.4","5.6","-1.6"
"USW00094789","JFK INTERNATIONAL AIRPORT, NY US","2019-03-14","6.6","11.1","3.3"
"USW00094789","JFK INTERNATIONAL AIRPORT, NY US","2019-03-15","9.6","15.0","8.3"
"USW00094789","JFK INTERNATIONAL AIRPORT, NY US","2019-03-16","10.1","13.9","2.8"
"USW00094789","JFK INTERNATIONAL AIRPORT, NY US","2019-03-17","4.1","7.2","0.6"
"USW00094789","JFK INTERNATIONAL AIRPORT, NY US","2019-03-18","2.9","7.2","-2.1"
"USW00094789","JFK INTERNATIONAL AIRPORT, NY US","2019-03-19","4.0","10.0","0.0"
"USW00094789","JFK INTERNATIONAL AIRPORT, NY US","2019-03-20","4.5","10.0","-0.5"
"USW00094789","JFK INTERNATIONAL AIRPORT, NY US","2019-03-21","6.8","8.9","5.0"
"USW00094789","JFK INTERNATIONAL AIRPORT, NY US","2019-03-22","7.3","10.6","3.9"
"USW00094789","JFK INTERNATIONAL AIRPORT, NY US","2019-03-23","5.1","10.0","1.7"
"USW00094789","JFK INTERNATIONAL AIRPORT, NY US","2019-03-24","7.3","14.4","2.8"
"USW00094789","JFK INTERNATIONAL AIRPORT, NY US","2019-03-25","10.5","12.2","5.6"
"USW00094789","JFK INTERNATIONAL AIRPORT, NY US","2019-03-26","5.3","8.9","0.0"
"USW00094789","JFK INTERNATIONAL AIRPORT, NY US","2019-03-27","3.5","5.6","0.0"
"USW00094789","JFK INTERNATIONAL AIRPORT, NY US","2019-03-28","4.2","8.9","0.6"
"USW00094789","JFK INTERNATIONAL AIRPORT, NY US","2019-03-29","8.4","13.3","6.7"
"USW00094789","JFK INTERNATIONAL AIRPORT, NY US","2019-03-30","10.6","13.9","8.3"
"USW00094789","JFK INTERNATIONAL AIRPORT, NY US","2019-03-31","9.8","13.3","3.9"
"USW00094789","JFK INTERNATIONAL AIRPORT, NY US","2019-04-01","4.4","8.3","0.0"
"USW00094789","JFK INTERNATIONAL AIRPORT, NY US","2019-04-02","4.7","9.4","-0.5"
"USW00094789","JFK INTERNATIONAL AIRPORT, NY US","2019-04-03","9.8","18.9","4.4"
"USW00094789","JFK INTERNATIONAL AIRPORT, NY US","2019-04-04","11.4","16.1","5.6"
"USW00094789","JFK INTERNATIONAL AIRPORT, NY US","2019-04-05","5.4","6.1","3.3"
"USW00094789","JFK INTERNATIONAL AIRPORT, NY US","2019-04-06","8.4","17.2","4.4"
"USW00094789","JFK INTERNATIONAL AIRPORT, NY US","2019-04-07","12.1","15.0","7.2"
"USW00094789","JFK INTERNATIONAL AIRPORT, NY US","2019-04-08","13.1","20.0","8.9"
"USW00094789","JFK INTERNATIONAL AIRPORT, NY US","2019-04-09","8.9","8.9","6.1"
"USW00094789","JFK INTERNATIONAL AIRPORT, NY US","2019-04-10","10.4","16.1","4.4"
"USW00094789","JFK INTERNATIONAL AIRPORT, NY US","2019-04-11","6.9","8.9","3.3"
"USW00094789","JFK INTERNATIONAL AIRPORT, NY US","2019-04-12","10.3","16.7","7.2"
"USW00094789","JFK INTERNATIONAL AIRPORT, NY US","2019-04-13","14.1","20.6","11.7"
"USW00094789","JFK INTERNATIONAL AIRPORT, NY US","2019-04-14","13.6","17.2","10.6"
"USW00094789","JFK INTERNATIONAL AIRPORT, NY US","2019-04-15","13.4","16.1","7.8"
"USW00094789","JFK INTERNATIONAL AIRPORT, NY US","2019-04-16","11.2","18.9","6.7"
"USW00094789","JFK INTERNATIONAL AIRPORT, NY US","2019-04-17","11.8","13.9","8.3"
"USW00094789","JFK INTERNATIONAL AIRPORT, NY US","2019-04-18","11.1","14.4","9.4"
"USW00094789","JFK INTERNATIONAL AIRPORT, NY US","2019-04-19","14.6","21.1","12.2"
"USW00094789","JFK INTERNATIONAL AIRPORT, NY US","2019-04-20","14.2","16.7","11.7"
"USW00094789","JFK INTERNATIONAL AIRPORT, NY US","2019-04-21","12.8","16.7","10.6"
"USW00094789","JFK INTERNATIONAL AIRPORT, NY US","2019-04-22","13.0","16.7","10.0"
"USW00094789","JFK INTERNATIONAL AIRPORT, NY US","2019-04-23","16.3","21.1","13.3"
"USW00094789","JFK INTERNATIONAL AIRPORT, NY US","2019-04-24","17.3","21.1","11.7"
"USW00094789","JFK INTERNATIONAL AIRPORT, NY US","2019-04-25","12.3","14.4","8.3"
"USW00094789","JFK INTERNATIONAL AIRPORT, NY US","2019-04-26","12.4","15.0","11.1"
"USW00094789","JFK INTERNATIONAL AIRPORT, NY US","2019-04-27","12.9","16.1","8.3"
"USW00094789","JFK INTERNATIONAL AIRPORT, NY US","2019-04-28","10.2","12.8","7.2"
"USW00094789","JFK INTERNATIONAL AIRPORT, NY US","2019-04-29","9.2","12.8","3.9"
"USW00094789","JFK INTERNATIONAL AIRPORT, NY US","2019-04-30","10.4","15.0","8.9"
"USW00094789","JFK INTERNATIONAL AIRPORT, NY US","2019-05-01","11.1","12.2","9.4"
"USW00094789","JFK INTERNATIONAL AIRPORT, NY US","2019-05-02","12.4","21.1","9.4"
"USW00094789","JFK INTERNATIONAL AIRPORT, NY US","2019-05-03","10.9","13.3","9.4"
"USW00094789","JFK INTERNATIONAL AIRPORT, NY US","2019-05-04","13.6","18.3","11.7"
"USW00094789","JFK INTERNATIONAL AIRPORT, NY US","2019-05-05","12.8","13.9","10.6"
"USW00094789","JFK INTERNATIONAL AIRPORT, NY US","2019-05-06","13.2","20.0","10.0"
"USW00094789","JFK INTERNATIONAL AIRPORT, NY US","2019-05-07","13.2","16.7","10.6"
"USW00094789","JFK INTERNATIONAL AIRPORT, NY US","2019-05-08","15.6","20.0","11.1"
"USW00094789","JFK INTERNATIONAL AIRPORT, NY US","2019-05-09","12.1","13.3","10.0"
"USW00094789","JFK INTERNATIONAL AIRPORT, NY US","2019-05-10","14.3","19.4","12.2"
"USW00094789","JFK INTERNATIONAL AIRPORT, NY US","2019-05-11","16.9","21.1","13.3"
"USW00094789","JFK INTERNATIONAL AIRPORT, NY US","2019-05-12","10.5","13.3","6.1"
"USW00094789","JFK INTERNATIONAL AIRPORT, NY US","2019-05-13","7.7","9.4","6.1"
"USW00094789","JFK INTERNATIONAL AIRPORT, NY US","2019-05-14","8.4","10.6","6.7"
"USW00094789","JFK INTERNATIONAL AIRPORT, NY US","2019-05-15","11.4","18.9","7.2"
"USW00094789","JFK INTERNATIONAL AIRPORT, NY US","2019-05-16","15.7","20.0","11.1"
"USW00094789","JFK INTERNATIONAL AIRPORT, NY US","2019-05-17","16.4","21.7","12.2"
"USW00094789","JFK INTERNATIONAL AIRPORT, NY US","2019-05-18","17.7","21.7","13.3"
"USW00094789","JFK INTERNATIONAL AIRPORT, NY US","2019-05-19","16.4","20.6","13.3"
"USW00094789","JFK INTERNATIONAL AIRPORT, NY US","2019-05-20","20.4","30.0","16.1"
"USW00094789","JFK INTERNATIONAL AIRPORT, NY US","2019-05-21","20.0","22.8","14.4"
"USW00094789","JFK INTERNATIONAL AIRPORT, NY US","2019-05-22","18.1","23.3","12.8"
"USW00094789","JFK INTERNATIONAL AIRPORT, NY US","2019-05-23","16.4","20.6","12.8"
"USW00094789","JFK INTERNATIONAL AIRPORT, NY US","2019-05-24","20.4","23.9","16.7"
"USW00094789","JFK INTERNATIONAL AIRPORT, NY US","2019-05-25","16.4","18.9","11.7"
"USW00094789","JFK INTERNATIONAL AIRPORT, NY US","2019-05-26","19.9","29.4","15.0"
"USW00094789","JFK INTERNATIONAL AIRPORT, NY US","2019-05-27","22.8","27.2","17.8"
"USW00094789","JFK INTERNATIONAL AIRPORT, NY US","2019-05-28","18.4","21.7","16.7"
"USW00094789","JFK INTERNATIONAL AIRPORT, NY US","2019-05-29","18.0","21.7","13.3"
"USW00094789","JFK INTERNATIONAL AIRPORT, NY US","2019-05-30","14.8","17.8","13.3"
"USW00094789","JFK INTERNATIONAL AIRPORT, NY US","2019-05-31","20.6","26.7","16.1"
"USW00094789","JFK INTERNATIONAL AIRPORT, NY US","2019-06-01","20.1","25.6","16.1"
"USW00094789","JFK INTERNATIONAL AIRPORT, NY US","2019-06-02","20.1","26.1","16.7"
"USW00094789","JFK INTERNATIONAL AIRPORT, NY US","2019-06-03","19.2","22.2","13.9"
"USW00094789","JFK INTERNATIONAL AIRPORT, NY US","2019-06-04","16.9","21.1","12.8"
"USW00094789","JFK INTERNATIONAL AIRPORT, NY US","2019-06-05","19.6","23.9","16.7"
"USW00094789","JFK INTERNATIONAL AIRPORT, NY US","2019-06-06","22.6","28.9","17.8"
"USW00094789","JFK INTERNATIONAL AIRPORT, NY US","2019-06-07","21.4","25.0","16.1"
"USW00094789","JFK INTERNATIONAL AIRPORT, NY US","2019-06-08","19.8","25.6","15.6"
"USW00094789","JFK INTERNATIONAL AIRPORT, NY US","2019-06-09","18.6","23.3","13.9"
"USW00094789","JFK INTERNATIONAL AIRPORT, NY US","2019-06-10","17.4","21.1","13.3"
"USW00094789","JFK INTERNATIONAL AIRPORT, NY US","2019-06-11","21.3","26.1","18.3"
"USW00094789","JFK INTERNATIONAL AIRPORT, NY US","2019-06-12","19.6","22.8","13.9"
"USW00094789","JFK INTERNATIONAL AIRPORT, NY US","2019-06-13","16.6","18.9","13.9"
"USW00094789","JFK INTERNATIONAL AIRPORT, NY US","2019-06-14","18.3","23.9","15.0"
"USW00094789","JFK INTERNATIONAL AIRPORT, NY US","2019-06-15","19.9","23.9","12.8"
"USW00094789","JFK INTERNATIONAL AIRPORT, NY US","2019-06-16","20.6","24.4","18.3"
"USW00094789","JFK INTERNATIONAL AIRPORT, NY US","2019-06-17","21.8","24.4","19.4"
"USW00094789","JFK INTERNATIONAL AIRPORT, NY US","2019-06-18","20.7","24.4","18.9"
"USW00094789","JFK INTERNATIONAL AIRPORT, NY US","2019-06-19","19.5","20.6","18.3"
"USW00094789","JFK INTERNATIONAL AIRPORT, NY US","2019-06-20","20.4","24.4","18.9"
"USW00094789","JFK INTERNATIONAL AIRPORT, NY US","2019-06-21","22.2","26.7","18.9"
"USW00094789","JFK INTERNATIONAL AIRPORT, NY US","2019-06-22","22.6","27.8","17.2"
"USW00094789","JFK INTERNATIONAL AIRPORT, NY US","2019-06-23","23.5","29.4","17.8"
"USW00094789","JFK INTERNATIONAL AIRPORT, NY US","2019-06-24","23.9","28.3","17.2"
"USW00094789","JFK INTERNATIONAL AIRPORT, NY US","2019-06-25","22.7","27.2","20.6"
"USW00094789","JFK INTERNATIONAL AIRPORT, NY US","2019-06-26","24.7","30.0","20.6"
"USW00094789","JFK INTERNATIONAL AIRPORT, NY US","2019-06-27","25.8","32.8","20.6"
"USW00094789","JFK INTERNATIONAL AIRPORT, NY US","2019-06-28","26.0","31.1","20.6"
"USW00094789","JFK INTERNATIONAL AIRPORT, NY US","2019-06-29","25.4","31.7","21.7"
"USW00094789","JFK INTERNATIONAL AIRPORT, NY US","2019-06-30","25.3","30.6","20.6"
"USW00094789","JFK INTERNATIONAL AIRPORT, NY US","2019-07-01","23.8","30.0","18.3"
"USW00094789","JFK INTERNATIONAL AIRPORT, NY US","2019-07-02","25.4","31.7","19.4"
"USW00094789","JFK INTERNATIONAL AIRPORT, NY US","2019-07-03","26.1","30.0","22.2"
"USW00094789","JFK INTERNATIONAL AIRPORT, NY US","2019-07-04","25.3","30.6","21.1"
"USW00094789","JFK INTERNATIONAL AIRPORT, NY US","2019-07-05","24.3","28.3","22.2"
"USW00094789","JFK INTERNATIONAL AIRPORT, NY US","2019-07-06","25.9","30.6","23.9"
"USW00094789","JFK INTERNATIONAL AIRPORT, NY US","2019-07-07","25.7","29.4","21.1"
"USW00094789","JFK INTERNATIONAL AIRPORT, NY US","2019-07-08","22.4","25.6","20.0"
"USW00094789","JFK INTERNATIONAL AIRPORT, NY US","2019-07-09","24.6","31.7","20.0"
"USW00094789","JFK INTERNATIONAL AIRPORT, NY US","2019-07-10","25.8","31.1","21.1"
"USW00094789","JFK INTERNATIONAL AIRPORT, NY US","2019-07-11","24.9","28.3","21.7"
"USW00094789","JFK INTERNATIONAL AIRPORT, NY US","2019-07-12","26.2","32.2","22.8"
"USW00094789","JFK INTERNATIONAL AIRPORT, NY US","2019-07-13","25.8","29.4","21.7"
"USW00094789","JFK INTERNATIONAL AIRPORT, NY US","2019-07-14","27.4","33.9","22.8"
"USW00094789","JFK INTERNATIONAL AIRPORT, NY US","2019-07-15","25.8","30.0","20.6"
"USW00094789","JFK INTERNATIONAL AIRPORT, NY US","2019-07-16","25.4","30.6","21.1"
"USW00094789","JFK INTERNATIONAL AIRPORT, NY US","2019-07-17","26.9","32.2","22.8"
"USW00094789","JFK INTERNATIONAL AIRPORT, NY US","2019-07-18","25.3","30.0","21.7"
"USW00094789","JFK INTERNATIONAL AIRPORT, NY US","2019-07-19","24.3","28.9","21.7"
"USW00094789","JFK INTERNATIONAL AIRPORT, NY US","2019-07-20","30.0","37.2","25.6"
"USW00094789","JFK INTERNATIONAL AIRPORT, NY US","2019-07-21","31.9","37.2","26.7"
"USW00094789","JFK INTERNATIONAL AIRPORT, NY US","2019-07-22","28.7","30.6","22.8"
"USW00094789","JFK INTERNATIONAL AIRPORT, NY US","2019-07-23","22.6","24.4","19.4"
"USW00094789","JFK INTERNATIONAL AIRPORT, NY US","2019-07-24","22.9","28.9","18.3"
"USW00094789","JFK INTERNATIONAL AIRPORT, NY US","2019-07-25","24.3","29.4","19.4"
"USW00094789","JFK INTERNATIONAL AIRPORT, NY US","2019-07-26","24.9","29.4","19.4"
"USW00094789","JFK INTERNATIONAL AIRPORT, NY US","2019-07-27","24.7","27.8","21.1"
"USW00094789","JFK INTERNATIONAL AIRPORT, NY US","2019-07-28","25.8","30.6","21.7"
"USW00094789","JFK INTERNATIONAL AIRPORT, NY US","2019-07-29","27.0","31.7","22.2"
"USW00094789","JFK INTERNATIONAL AIRPORT, NY US","2019-07-30","27.1","30.6","23.9"
"USW00094789","JFK INTERNATIONAL AIRPORT, NY US","2019-07-31","25.4","30.0","22.2"
"USW00094789","JFK INTERNATIONAL AIRPORT, NY US","2019-08-01","25.4","31.7","21.7"
"USW00094789","JFK INTERNATIONAL AIRPORT, NY US","2019-08-02","25.1","27.8","22.2"
"USW00094789","JFK INTERNATIONAL AIRPORT, NY US","2019-08-03","25.0","28.9","21.1"
"USW00094789","JFK INTERNATIONAL AIRPORT, NY US","2019-08-04","25.9","31.7","21.1"
"USW00094789","JFK INTERNATIONAL AIRPORT, NY US","2019-08-05","24.7","27.8","21.1"
"USW00094789","JFK INTERNATIONAL AIRPORT, NY US","2019-08-06","23.5","26.1","21.7"
"USW00094789","JFK INTERNATIONAL AIRPORT, NY US","2019-08-07","24.5","28.9","21.1"
"USW00094789","JFK INTERNATIONAL AIRPORT, NY US","2019-08-08","23.8","30.0","20.6"
"USW00094789","JFK INTERNATIONAL AIRPORT, NY US","2019-08-09","24.4","29.4","21.1"
"USW00094789","JFK INTERNATIONAL AIRPORT, NY US","2019-08-10","24.4","28.3","18.9"
"USW00094789","JFK INTERNATIONAL AIRPORT, NY US","2019-08-11","22.9","27.8","17.8"
"USW00094789","JFK INTERNATIONAL AIRPORT, NY US","2019-08-12","24.2","29.4","19.4"
"USW00094789","JFK INTERNATIONAL AIRPORT, NY US","2019-08-13","23.9","25.0","22.8"
"USW00094789","JFK INTERNATIONAL AIRPORT, NY US","2019-08-14","23.5","26.7","21.1"
"USW00094789","JFK INTERNATIONAL AIRPORT, NY US","2019-08-15","22.9","26.7","20.0"
"USW00094789","JFK INTERNATIONAL AIRPORT, NY US","2019-08-16","22.4","26.1","19.4"
"USW00094789","JFK INTERNATIONAL AIRPORT, NY US","2019-08-17","24.8","28.9","22.8"
"USW00094789","JFK INTERNATIONAL AIRPORT, NY US","2019-08-18","25.6","30.6","22.8"
"USW00094789","JFK INTERNATIONAL AIRPORT, NY US","2019-08-19","25.5","30.0","22.2"
"USW00094789","JFK INTERNATIONAL AIRPORT, NY US","2019-08-20","26.2","30.0","23.3"
"USW00094789","JFK INTERNATIONAL AIRPORT, NY US","2019-08-21","25.8","31.1","23.3"
"USW00094789","JFK INTERNATIONAL AIRPORT, NY US","2019-08-22","26.7","31.7","20.6"
"USW00094789","JFK INTERNATIONAL AIRPORT, NY US","2019-08-23","22.3","23.9","18.9"
"USW00094789","JFK INTERNATIONAL AIRPORT, NY US","2019-08-24","21.3","25.6","17.2"
"USW00094789","JFK INTERNATIONAL AIRPORT, NY US","2019-08-25","20.4","25.0","16.7"
"USW00094789","JFK INTERNATIONAL AIRPORT, NY US","2019-08-26","19.2","22.8","15.6"
"USW00094789","JFK INTERNATIONAL AIRPORT, NY US","2019-08-27","18.9","22.2","15.6"
"USW00094789","JFK INTERNATIONAL AIRPORT, NY US","2019-08-28","20.6","28.3","18.3"
"USW00094789","JFK INTERNATIONAL AIRPORT, NY US","2019-08-29","23.6","28.3","19.4"
"USW00094789","JFK INTERNATIONAL AIRPORT, NY US","2019-08-30","23.4","29.4","17.8"
"USW00094789","JFK INTERNATIONAL AIRPORT, NY US","2019-08-31","23.9","27.8","18.9"
"USW00094789","JFK INTERNATIONAL AIRPORT, NY US","2019-09-01","21.1","24.4","16.7"
"USW00094789","JFK INTERNATIONAL AIRPORT, NY US","2019-09-02","21.5","25.0","20.0"
"USW00094789","JFK INTERNATIONAL AIRPORT, NY US","2019-09-03","23.1","27.2","19.4"
"USW00094789","JFK INTERNATIONAL AIRPORT, NY US","2019-09-04","22.7","27.2","19.4"
"USW00094789","JFK INTERNATIONAL AIRPORT, NY US","2019-09-05","21.4","23.3","17.8"
"USW00094789","JFK INTERNATIONAL AIRPORT, NY US","2019-09-06","17.8","19.4","15.0"
"USW00094789","JFK INTERNATIONAL AIRPORT, NY US","2019-09-07","18.4","24.4","13.9"
"USW00094789","JFK INTERNATIONAL AIRPORT, NY US","2019-09-08","20.8","25.0","17.2"
"USW00094789","JFK INTERNATIONAL AIRPORT, NY US","2019-09-09","21.3","25.0","17.8"
"USW00094789","JFK INTERNATIONAL AIRPORT, NY US","2019-09-10","20.9","24.4","18.3"
"USW00094789","JFK INTERNATIONAL AIRPORT, NY US","2019-09-11","22.9","28.9","20.0"
"USW00094789","JFK INTERNATIONAL AIRPORT, NY US","2019-09-12","24.3","27.8","16.7"
"USW00094789","JFK INTERNATIONAL AIRPORT, NY US","2019-09-13","17.8","21.7","13.9"
"USW00094789","JFK INTERNATIONAL AIRPORT, NY US","2019-09-14","20.1","24.4","17.2"
"USW00094789","JFK INTERNATIONAL AIRPORT, NY US","2019-09-15","23.3","27.2","20.6"
"USW00094789","JFK INTERNATIONAL AIRPORT, NY US","2019-09-16","22.0","25.6","18.3"
"USW00094789","JFK INTERNATIONAL AIRPORT, NY US","2019-09-17","20.6","25.0","15.0"
"USW00094789","JFK INTERNATIONAL AIRPORT, NY US","2019-09-18","17.4","21.7","12.8"
"USW00094789","JFK INTERNATIONAL AIRPORT, NY US","2019-09-19","14.7","20.0","9.4"
"USW00094789","JFK INTERNATIONAL AIRPORT, NY US","2019-09-20","18.2","25.6","12.8"
"USW00094789","JFK INTERNATIONAL AIRPORT, NY US","2019-09-21","20.9","26.7","15.0"
"USW00094789","JFK INTERNATIONAL AIRPORT, NY US","2019-09-22","21.3","26.1","17.8"
"USW00094789","JFK INTERNATIONAL AIRPORT, NY US","2019-09-23","23.4","27.8","20.6"
"USW00094789","JFK INTERNATIONAL AIRPORT, NY US","2019-09-24","23.3","25.6","17.2"
"USW00094789","JFK INTERNATIONAL AIRPORT, NY US","2019-09-25","19.9","24.4","13.9"
"USW00094789","JFK INTERNATIONAL AIRPORT, NY US","2019-09-26","20.4","25.6","16.1"
"USW00094789","JFK INTERNATIONAL AIRPORT, NY US","2019-09-27","18.9","23.3","13.3"
"USW00094789","JFK INTERNATIONAL AIRPORT, NY US","2019-09-28","20.7","25.0","17.2"
"USW00094789","JFK INTERNATIONAL AIRPORT, NY US","2019-09-29","23.1","27.2","18.3"
"USW00094789","JFK INTERNATIONAL AIRPORT, NY US","2019-09-30","18.9","21.7","16.7"
"USW00094789","JFK INTERNATIONAL AIRPORT, NY US","2019-10-01","20.2","25.6","16.7"
"USW00094789","JFK INTERNATIONAL AIRPORT, NY US","2019-10-02","25.2","35.0","17.8"
"USW00094789","JFK INTERNATIONAL AIRPORT, NY US","2019-10-03","15.6","17.8","11.7"
"USW00094789","JFK INTERNATIONAL AIRPORT, NY US","2019-10-04","16.4","20.0","10.0"
"USW00094789","JFK INTERNATIONAL AIRPORT, NY US","2019-10-05","11.3","15.0","7.2"
"USW00094789","JFK INTERNATIONAL AIRPORT, NY US","2019-10-06","17.3","20.6","14.4"
"USW00094789","JFK INTERNATIONAL AIRPORT, NY US","2019-10-07","21.3","24.4","15.6"
"USW00094789","JFK INTERNATIONAL AIRPORT, NY US","2019-10-08","16.7","17.8","14.4"
"USW00094789","JFK INTERNATIONAL AIRPORT, NY US","2019-10-09","13.9","15.6","11.7"
"USW00094789","JFK INTERNATIONAL AIRPORT, NY US","2019-10-10","15.3","22.2","11.7"
"USW00094789","JFK INTERNATIONAL AIRPORT, NY US","2019-10-11","15.3","17.8","12.8"
"USW00094789","JFK INTERNATIONAL AIRPORT, NY US","2019-10-12","14.9","20.0","12.8"
"USW00094789","JFK INTERNATIONAL AIRPORT, NY US","2019-10-13","15.3","18.3","11.7"
"USW00094789","JFK INTERNATIONAL AIRPORT, NY US","2019-10-14","16.4","21.1","12.8"
"USW00094789","JFK INTERNATIONAL AIRPORT, NY US","2019-10-15","14.9","17.8","9.4"
"USW00094789","JFK INTERNATIONAL AIRPORT, NY US","2019-10-16","14.8","18.9","8.9"
"USW00094789","JFK INTERNATIONAL AIRPORT, NY US","2019-10-17","13.4","15.0","11.1"
"USW00094789","JFK INTERNATIONAL AIRPORT, NY US","2019-10-18","12.6","16.1","7.8"
"USW00094789","JFK INTERNATIONAL AIRPORT, NY US","2019-10-19","9.9","15.0","4.4"
"USW00094789","JFK INTERNATIONAL AIRPORT, NY US","2019-10-20","11.7","16.1","6.7"
"USW00094789","JFK INTERNATIONAL AIRPORT, NY US","2019-10-21","13.8","20.0","10.6"
"USW00094789","JFK INTERNATIONAL AIRPORT, NY US","2019-10-22","13.6","17.8","11.7"
"USW00094789","JFK INTERNATIONAL AIRPORT, NY US","2019-10-23","16.8","19.4","12.2"
"USW00094789","JFK INTERNATIONAL AIRPORT, NY US","2019-10-24","14.1","18.3","7.2"
"USW00094789","JFK INTERNATIONAL AIRPORT, NY US","2019-10-25","13.4","17.2","7.8"
"USW00094789","JFK INTERNATIONAL AIRPORT, NY US","2019-10-26","14.7","17.8","10.0"
"USW00094789","JFK INTERNATIONAL AIRPORT, NY US","2019-10-27","15.7","20.6","11.7"
"USW00094789","JFK INTERNATIONAL AIRPORT, NY US","2019-10-28","14.7","18.3","10.6"
"USW00094789","JFK INTERNATIONAL AIRPORT, NY US","2019-10-29","13.6","16.1","11.1"
"USW00094789","JFK INTERNATIONAL AIRPORT, NY US","2019-10-30","16.2","18.3","14.4"
"USW00094789","JFK INTERNATIONAL AIRPORT, NY US","2019-10-31","17.6","20.0","16.1"
"USW00094789","JFK INTERNATIONAL AIRPORT, NY US","2019-11-01","13.4","20.0","6.1"
"USW00094789","JFK INTERNATIONAL AIRPORT, NY US","2019-11-02","7.5","11.1","2.8"
"USW00094789","JFK INTERNATIONAL AIRPORT, NY US","2019-11-03","9.1","13.3","6.1"
"USW00094789","JFK INTERNATIONAL AIRPORT, NY US","2019-11-04","8.7","13.3","1.1"
"USW00094789","JFK INTERNATIONAL AIRPORT, NY US","2019-11-05","13.4","17.2","10.0"
"USW00094789","JFK INTERNATIONAL AIRPORT, NY US","2019-11-06","10.9","13.3","6.7"
"USW00094789","JFK INTERNATIONAL AIRPORT, NY US","2019-11-07","11.1","13.9","5.0"
"USW00094789","JFK INTERNATIONAL AIRPORT, NY US","2019-11-08","4.2","5.0","-1.6"
"USW00094789","JFK INTERNATIONAL AIRPORT, NY US","2019-11-09","0.6","5.0","-3.8"
"USW00094789","JFK INTERNATIONAL AIRPORT, NY US","2019-11-10","6.6","11.1","2.8"
"USW00094789","JFK INTERNATIONAL AIRPORT, NY US","2019-11-11","10.6","14.4","5.0"
"USW00094789","JFK INTERNATIONAL AIRPORT, NY US","2019-11-12","8.6","13.3","-3.8"
"USW00094789","JFK INTERNATIONAL AIRPORT, NY US","2019-11-13","-2.1","1.7","-4.9"
"USW00094789","JFK INTERNATIONAL AIRPORT, NY US","2019-11-14","0.7","7.8","-4.3"
"USW00094789","JFK INTERNATIONAL AIRPORT, NY US","2019-11-15","6.1","10.6","1.1"
"USW00094789","JFK INTERNATIONAL AIRPORT, NY US","2019-11-16","4.4","5.6","0.0"
"USW00094789","JFK INTERNATIONAL AIRPORT, NY US","2019-11-17","2.2","6.7","-0.5"
"USW00094789","JFK INTERNATIONAL AIRPORT, NY US","2019-11-18","4.5","6.1","3.3"
"USW00094789","JFK INTERNATIONAL AIRPORT, NY US","2019-11-19","6.7","10.6","5.0"
"USW00094789","JFK INTERNATIONAL AIRPORT, NY US","2019-11-20","6.5","8.9","5.0"
"USW00094789","JFK INTERNATIONAL AIRPORT, NY US","2019-11-21","6.5","11.7","1.1"
"USW00094789","JFK INTERNATIONAL AIRPORT, NY US","2019-11-22","9.2","11.1","3.3"
"USW00094789","JFK INTERNATIONAL AIRPORT, NY US","2019-11-23","4.4","7.2","1.1"
"USW00094789","JFK INTERNATIONAL AIRPORT, NY US","2019-11-24","6.8","9.4","5.0"
"USW00094789","JFK INTERNATIONAL AIRPORT, NY US","2019-11-25","6.6","11.1","3.9"
"USW00094789","JFK INTERNATIONAL AIRPORT, NY US","2019-11-26","8.2","13.3","3.9"
"USW00094789","JFK INTERNATIONAL AIRPORT, NY US","2019-11-27","9.8","13.3","6.7"
"USW00094789","JFK INTERNATIONAL AIRPORT, NY US","2019-11-28","9.9","11.7","2.8"
"USW00094789","JFK INTERNATIONAL AIRPORT, NY US","2019-11-29","2.7","5.0","-1.0"
"USW00094789","JFK INTERNATIONAL AIRPORT, NY US","2019-11-30","2.5","6.7","-1.0"
"USW00094789","JFK INTERNATIONAL AIRPORT, NY US","2019-12-01","0.7","5.0","-1.6"
"USW00094789","JFK INTERNATIONAL AIRPORT, NY US","2019-12-02","3.1","4.4","-0.5"
"USW00094789","JFK INTERNATIONAL AIRPORT, NY US","2019-12-03","0.6","3.3","-0.5"
"USW00094789","JFK INTERNATIONAL AIRPORT, NY US","2019-12-04","2.1","3.9","0.6"
"USW00094789","JFK INTERNATIONAL AIRPORT, NY US","2019-12-05","4.1","6.7","2.2"
"USW00094789","JFK INTERNATIONAL AIRPORT, NY US","2019-12-06","4.6","10.0","1.1"
"USW00094789","JFK INTERNATIONAL AIRPORT, NY US","2019-12-07","3.3","4.4","-1.6"
"USW00094789","JFK INTERNATIONAL AIRPORT, NY US","2019-12-08","0.3","7.2","-4.9"
"USW00094789","JFK INTERNATIONAL AIRPORT, NY US","2019-12-09","7.6","12.2","5.6"
"USW00094789","JFK INTERNATIONAL AIRPORT, NY US","2019-12-10","11.7","13.9","4.4"
"USW00094789","JFK INTERNATIONAL AIRPORT, NY US","2019-12-11","3.4","4.4","-0.5"
"USW00094789","JFK INTERNATIONAL AIRPORT, NY US","2019-12-12","-0.3","1.7","-3.2"
"USW00094789","JFK INTERNATIONAL AIRPORT, NY US","2019-12-13","3.8","12.2","-0.5"
"USW00094789","JFK INTERNATIONAL AIRPORT, NY US","2019-12-14","11.7","13.3","6.7"
"USW00094789","JFK INTERNATIONAL AIRPORT, NY US","2019-12-15","7.6","10.0","2.8"
"USW00094789","JFK INTERNATIONAL AIRPORT, NY US","2019-12-16","2.3","2.8","0.6"
"USW00094789","JFK INTERNATIONAL AIRPORT, NY US","2019-12-17","1.2","2.2","0.0"
"USW00094789","JFK INTERNATIONAL AIRPORT, NY US","2019-12-18","1.2","3.9","-5.5"
"USW00094789","JFK INTERNATIONAL AIRPORT, NY US","2019-12-19","-5.2","-3.2","-8.2"
"USW00094789","JFK INTERNATIONAL AIRPORT, NY US","2019-12-20","-2.8","1.1","-4.9"
"USW00094789","JFK INTERNATIONAL AIRPORT, NY US","2019-12-21","-2.1","2.8","-5.5"
"USW00094789","JFK INTERNATIONAL AIRPORT, NY US","2019-12-22","1.8","7.2","-2.1"
"USW00094789","JFK INTERNATIONAL AIRPORT, NY US","2019-12-23","5.2","11.7","0.6"
"USW00094789","JFK INTERNATIONAL AIRPORT, NY US","2019-12-24","6.1","9.4","0.6"
"USW00094789","JFK INTERNATIONAL AIRPORT, NY US","2019-12-25","2.6","8.3","-1.6"
"USW00094789","JFK INTERNATIONAL AIRPORT, NY US","2019-12-26","3.6","8.3","0.0"
"USW00094789","JFK INTERNATIONAL AIRPORT, NY US","2019-12-27","8.7","11.1","6.7"
"USW00094789","JFK INTERNATIONAL AIRPORT, NY US","2019-12-28","8.1","11.1","2.8"
"USW00094789","JFK INTERNATIONAL AIRPORT, NY US","2019-12-29","5.0","6.7","0.6"
"USW00094789","JFK INTERNATIONAL AIRPORT, NY US","2019-12-30","5.6","6.7","3.3"
"USW00094789","JFK INTERNATIONAL AIRPORT, NY US","2019-12-31","4.4","6.7","3.3"
